market_ticker,station,target_date,event_group,y,mkt_prob,M0_base_rate,M1_raw_market,M2_weather_only,M3_market_weather,M4_calibrated_market
KXHIGHNY-26JUL21-B79.5,NYC,2026-07-21,NYC|2026-07-21,0,0.32,0.16666666666666666,0.32,0.2038183900855806,0.27082024437680957,0.3098350129120124
KXHIGHNY-26JUL21-B81.5,NYC,2026-07-21,NYC|2026-07-21,1,0.17,0.16666666666666666,0.17,0.20996782755351004,0.13179958720586463,0.14877112274968998
KXHIGHNY-26JUL21-B83.5,NYC,2026-07-21,NYC|2026-07-21,0,0.02,0.16666666666666666,0.02,0.2162524069925233,0.058424721213477776,0.012621479200661279
KXHIGHNY-26JUL21-B85.5,NYC,2026-07-21,NYC|2026-07-21,0,0.01,0.16666666666666666,0.02,0.22267207347536272,0.057012417142298176,0.012621479200661279
KXHIGHNY-26JUL21-T79,NYC,2026-07-21,NYC|2026-07-21,0,0.54,0.16666666666666666,0.54,0.2038183900855806,0.592580864052565,0.5586729118770406
KXHIGHNY-26JUL21-T86,NYC,2026-07-21,NYC|2026-07-21,0,0.01,0.16666666666666666,0.02,0.008361526901806443,0.004750971809999068,0.012621479200661279
KXLOWTNYC-26JUL21-B64.5,NYC,2026-07-21,NYC|2026-07-21,0,0.04,0.16666666666666666,0.04,0.1619633670395393,0.0474860893045321,0.027917330792137658
KXLOWTNYC-26JUL21-B66.5,NYC,2026-07-21,NYC|2026-07-21,0,0.09,0.16666666666666666,0.09,0.1671150491553111,0.0658452974546669,0.07110204861937677
KXLOWTNYC-26JUL21-B68.5,NYC,2026-07-21,NYC|2026-07-21,0,0.35000000000000003,0.16666666666666666,0.35000000000000003,0.1723968852835794,0.2683636205850913,0.3434190162339602
KXLOWTNYC-26JUL21-B70.5,NYC,2026-07-21,NYC|2026-07-21,1,0.4,0.16666666666666666,0.4,0.17781002005839613,0.3415022282739646,0.3998987475352791
KXLOWTNYC-26JUL21-T64,NYC,2026-07-21,NYC|2026-07-21,0,0.02,0.16666666666666666,0.02,0.1619633670395393,0.04217777389474182,0.012621479200661279
KXLOWTNYC-26JUL21-T71,NYC,2026-07-21,NYC|2026-07-21,0,0.09,0.16666666666666666,0.09,0.07387856554705918,0.04163492010702054,0.07110204861937677
KXHIGHCHI-26JUL22-B69.5,CHI,2026-07-22,CHI|2026-07-22,0,0.04,0.16666666666666666,0.04,0.15837335591606191,0.05330465055540713,0.027917330792137658
KXHIGHCHI-26JUL22-B71.5,CHI,2026-07-22,CHI|2026-07-22,0,0.12,0.16666666666666666,0.12,0.16343311726229848,0.08750644587708649,0.09924744086279717
KXHIGHCHI-26JUL22-B73.5,CHI,2026-07-22,CHI|2026-07-22,1,0.52,0.16666666666666666,0.52,0.16862214226597452,0.5432990156249566,0.5361150514512295
KXHIGHCHI-26JUL22-B75.5,CHI,2026-07-22,CHI|2026-07-22,0,0.2,0.16666666666666666,0.2,0.17394166373698058,0.1448099227168951,0.17972455024866946
KXHIGHCHI-26JUL22-T69,CHI,2026-07-22,CHI|2026-07-22,0,0.02,0.16666666666666666,0.02,0.15837335591606191,0.04737825004592887,0.012621479200661279
KXHIGHCHI-26JUL22-T76,CHI,2026-07-22,CHI|2026-07-22,0,0.07,0.16666666666666666,0.07,0.08368892063695035,0.0271016263352717,0.05317402891920497
KXLOWTCHI-26JUL22-B54.5,CHI,2026-07-22,CHI|2026-07-22,0,0.01,0.16666666666666666,0.02,0.12439262260900909,0.03442650429342218,0.012621479200661279
KXLOWTCHI-26JUL22-B56.5,CHI,2026-07-22,CHI|2026-07-22,0,0.01,0.16666666666666666,0.02,0.12853255299733304,0.03564626273746755,0.012621479200661279
KXLOWTCHI-26JUL22-B58.5,CHI,2026-07-22,CHI|2026-07-22,0,0.15,0.16666666666666666,0.15,0.13278936991523363,0.08370604859914106,0.12861969909912715
KXLOWTCHI-26JUL22-B60.5,CHI,2026-07-22,CHI|2026-07-22,0,0.36,0.16666666666666666,0.36,0.13716497703765126,0.2584797798064055,0.35467225177103734
KXLOWTCHI-26JUL22-T54,CHI,2026-07-22,CHI|2026-07-22,0,0.01,0.16666666666666666,0.02,0.12439262260900909,0.03442650429342218,0.012621479200661279
KXLOWTCHI-26JUL22-T61,CHI,2026-07-22,CHI|2026-07-22,1,0.53,0.16666666666666666,0.53,0.463536251273601,0.728215069841208,0.5474047401033258
KXHIGHDEN-26JUL22-B88.5,DEN,2026-07-22,DEN|2026-07-22,0,0.02,0.16666666666666666,0.02,0.2287220278502419,0.07386651973253028,0.012621479200661279
KXHIGHDEN-26JUL22-B90.5,DEN,2026-07-22,DEN|2026-07-22,0,0.06,0.16666666666666666,0.06,0.23540068489847418,0.09582708167685726,0.04451078881706009
KXHIGHDEN-26JUL22-B92.5,DEN,2026-07-22,DEN|2026-07-22,0,0.07,0.16666666666666666,0.07,0.2422131148890947,0.10467342951338832,0.05317402891920497
KXHIGHDEN-26JUL22-B94.5,DEN,2026-07-22,DEN|2026-07-22,1,0.38,0.16666666666666666,0.38,0.2491584498813049,0.45346067096739384,0.3772485930903852
KXHIGHDEN-26JUL22-T88,DEN,2026-07-22,DEN|2026-07-22,0,0.01,0.16666666666666666,0.02,0.2287220278502419,0.06973227579384061,0.012621479200661279
KXHIGHDEN-26JUL22-T95,DEN,2026-07-22,DEN|2026-07-22,0,0.5700000000000001,0.16666666666666666,0.5700000000000001,0.0023614284433168017,0.05067116310473112,0.5923229919519891
KXLOWTDEN-26JUL22-B63.5,DEN,2026-07-22,DEN|2026-07-22,0,0.25,0.16666666666666666,0.25,0.15656281289851087,0.17468268477906496,0.23290793975381122
KXLOWTDEN-26JUL22-B65.5,DEN,2026-07-22,DEN|2026-07-22,1,0.4,0.16666666666666666,0.4,0.16157583532753975,0.3575626969914297,0.3998987475352791
KXLOWTDEN-26JUL22-B67.5,DEN,2026-07-22,DEN|2026-07-22,0,0.23,0.16666666666666666,0.23,0.16671764316335125,0.16732094210899415,0.21142292068751853
KXLOWTDEN-26JUL22-B69.5,DEN,2026-07-22,DEN|2026-07-22,0,0.05,0.16666666666666666,0.05,0.17198951258872963,0.0638307667099387,0.03608040780092969
KXLOWTDEN-26JUL22-T63,DEN,2026-07-22,DEN|2026-07-22,0,0.12,0.16666666666666666,0.12,0.15656281289851087,0.08631735150458436,0.09924744086279717
KXLOWTDEN-26JUL22-T70,DEN,2026-07-22,DEN|2026-07-22,0,0.03,0.16666666666666666,0.03,0.09104872043815503,0.03143929830658745,0.020071149432871232
KXHIGHLAX-26JUL22-B75.5,LAX,2026-07-22,LAX|2026-07-22,0,0.01,0.16666666666666666,0.02,0.17975835315374417,0.049967774512614235,0.012621479200661279
KXHIGHLAX-26JUL22-B77.5,LAX,2026-07-22,LAX|2026-07-22,1,0.18,0.16666666666666666,0.18,0.1853508651793649,0.13538305223349684,0.15899779045411722
KXHIGHLAX-26JUL22-B79.5,LAX,2026-07-22,LAX|2026-07-22,0,0.35000000000000003,0.16666666666666666,0.35000000000000003,0.19107683605576772,0.3179434227652866,0.3434190162339602
KXHIGHLAX-26JUL22-B81.5,LAX,2026-07-22,LAX|2026-07-22,0,0.27,0.16666666666666666,0.27,0.19693693486465158,0.22731036507810692,0.2546370522541147
KXHIGHLAX-26JUL22-T75,LAX,2026-07-22,LAX|2026-07-22,0,0.01,0.16666666666666666,0.02,0.17975835315374417,0.049967774512614235,0.012621479200661279
KXHIGHLAX-26JUL22-T82,LAX,2026-07-22,LAX|2026-07-22,0,0.22,0.16666666666666666,0.22,0.028743821530110743,0.03686020065940476,0.2007819422800749
KXLOWTLAX-26JUL22-B62.5,LAX,2026-07-22,LAX|2026-07-22,0,0.01,0.16666666666666666,0.02,0.14658999084410468,0.03993198962447778,0.012621479200661279
KXLOWTLAX-26JUL22-B64.5,LAX,2026-07-22,LAX|2026-07-22,0,0.03,0.16666666666666666,0.03,0.1513409882179729,0.046546276979183,0.020071149432871232
KXLOWTLAX-26JUL22-B66.5,LAX,2026-07-22,LAX|2026-07-22,0,0.1,0.16666666666666666,0.1,0.15621777963294295,0.07247963541392947,0.08033047017622402
KXLOWTLAX-26JUL22-B68.5,LAX,2026-07-22,LAX|2026-07-22,1,0.46,0.16666666666666666,0.46,0.1612218661120948,0.43062260828359206,0.4680681943101365
KXLOWTLAX-26JUL22-T62,LAX,2026-07-22,LAX|2026-07-22,0,0.01,0.16666666666666666,0.02,0.14658999084410468,0.03993198962447778,0.012621479200661279
KXLOWTLAX-26JUL22-T69,LAX,2026-07-22,LAX|2026-07-22,0,0.65,0.16666666666666666,0.65,0.17183879318538914,0.7086362556884862,0.6804784204603314
KXHIGHNY-26JUL22-B84.5,NYC,2026-07-22,NYC|2026-07-22,1,0.41000000000000003,0.16666666666666666,0.41000000000000003,0.20460866180913753,0.4199731476894038,0.4112444019144969
KXHIGHNY-26JUL22-B86.5,NYC,2026-07-22,NYC|2026-07-22,0,0.31,0.16666666666666666,0.31,0.2107756305510706,0.28755132895248625,0.29870922574081354
KXHIGHNY-26JUL22-B88.5,NYC,2026-07-22,NYC|2026-07-22,0,0.03,0.16666666666666666,0.03,0.21707774492782408,0.06858459546832708,0.020071149432871232
KXHIGHNY-26JUL22-B90.5,NYC,2026-07-22,NYC|2026-07-22,0,0.01,0.16666666666666666,0.02,0.22351492501494566,0.0631709251776165,0.012621479200661279
KXHIGHNY-26JUL22-T84,NYC,2026-07-22,NYC|2026-07-22,0,0.31,0.16666666666666666,0.31,0.20460866180913753,0.28021646982182397,0.29870922574081354
KXHIGHNY-26JUL22-T91,NYC,2026-07-22,NYC|2026-07-22,0,0.01,0.16666666666666666,0.02,0.007721429186553338,0.003340887078541883,0.012621479200661279
KXLOWTNYC-26JUL22-B66.5,NYC,2026-07-22,NYC|2026-07-22,0,0.06,0.16666666666666666,0.06,0.1551133101488597,0.05627618573777444,0.04451078881706009
KXLOWTNYC-26JUL22-B68.5,NYC,2026-07-22,NYC|2026-07-22,0,0.22,0.16666666666666666,0.22,0.16008872983294634,0.1429901927722,0.2007819422800749
KXLOWTNYC-26JUL22-B70.5,NYC,2026-07-22,NYC|2026-07-22,1,0.48,0.16666666666666666,0.48,0.16519253781429774,0.4647386178375719,0.49079213036582925
KXLOWTNYC-26JUL22-B72.5,NYC,2026-07-22,NYC|2026-07-22,0,0.22,0.16666666666666666,0.22,0.17042604445386741,0.15206317328817653,0.2007819422800749
KXLOWTNYC-26JUL22-T66,NYC,2026-07-22,NYC|2026-07-22,0,0.02,0.16666666666666666,0.02,0.1551133101488597,0.04445672163144428,0.012621479200661279
KXLOWTNYC-26JUL22-T73,NYC,2026-07-22,NYC|2026-07-22,0,0.02,0.16666666666666666,0.02,0.10345222360449098,0.02707370054123603,0.012621479200661279
KXHIGHCHI-26JUL23-B76.5,CHI,2026-07-23,CHI|2026-07-23,1,0.24,0.16666666666666666,0.24,0.19585038890405398,0.2063348408662789,0.22213295826784654
KXHIGHCHI-26JUL23-B78.5,CHI,2026-07-23,CHI|2026-07-23,0,0.48,0.16666666666666666,0.48,0.20182036137465761,0.5444153668797684,0.49079213036582925
KXHIGHCHI-26JUL23-B80.5,CHI,2026-07-23,CHI|2026-07-23,0,0.19,0.16666666666666666,0.19,0.2079252590459462,0.1700531850245193,0.16931737243690603
KXHIGHCHI-26JUL23-B82.5,CHI,2026-07-23,CHI|2026-07-23,0,0.03,0.16666666666666666,0.03,0.21416527517567194,0.07296740235656192,0.020071149432871232
KXHIGHCHI-26JUL23-T76,CHI,2026-07-23,CHI|2026-07-23,0,0.02,0.16666666666666666,0.02,0.19585038890405398,0.06225313083638317,0.012621479200661279
KXHIGHCHI-26JUL23-T83,CHI,2026-07-23,CHI|2026-07-23,0,0.02,0.16666666666666666,0.02,0.010765266474403784,0.005759331927243129,0.012621479200661279
KXLOWTCHI-26JUL23-B55.5,CHI,2026-07-23,CHI|2026-07-23,0,0.02,0.16666666666666666,0.02,0.14112664649993312,0.043467283580380454,0.012621479200661279
KXLOWTCHI-26JUL23-B57.5,CHI,2026-07-23,CHI|2026-07-23,1,0.28,0.16666666666666666,0.28,0.14573081287825174,0.19124925653678448,0.26558368068478105
KXLOWTCHI-26JUL23-B59.5,CHI,2026-07-23,CHI|2026-07-23,0,0.35000000000000003,0.16666666666666666,0.35000000000000003,0.1504588735482202,0.2745859177729113,0.3434190162339602
KXLOWTCHI-26JUL23-B61.5,CHI,2026-07-23,CHI|2026-07-23,0,0.3,0.16666666666666666,0.3,0.15531244188395543,0.22345421673543256,0.28762319500508354
KXLOWTCHI-26JUL23-T55,CHI,2026-07-23,CHI|2026-07-23,0,0.01,0.16666666666666666,0.02,0.14112664649993312,0.04095921107884407,0.012621479200661279
KXLOWTCHI-26JUL23-T62,CHI,2026-07-23,CHI|2026-07-23,0,0.01,0.16666666666666666,0.02,0.20187504851510987,0.05644403695326343,0.012621479200661279
KXHIGHDEN-26JUL23-B82.5,DEN,2026-07-23,DEN|2026-07-23,0,0.06,0.16666666666666666,0.06,0.2094941481432172,0.0840306149661821,0.04451078881706009
KXHIGHDEN-26JUL23-B84.5,DEN,2026-07-23,DEN|2026-07-23,0,0.1,0.16666666666666666,0.1,0.2157684219509885,0.10865843754453426,0.08033047017622402
KXHIGHDEN-26JUL23-B86.5,DEN,2026-07-23,DEN|2026-07-23,0,0.39,0.16666666666666666,0.39,0.22217779379822078,0.43315905851927144,0.3885658737168495
KXHIGHDEN-26JUL23-B88.5,DEN,2026-07-23,DEN|2026-07-23,1,0.37,0.16666666666666666,0.37,0.2287220278502419,0.4116876658233236,0.3659497556035282
KXHIGHDEN-26JUL23-T82,DEN,2026-07-23,DEN|2026-07-23,0,0.02,0.16666666666666666,0.02,0.2094941481432172,0.06679457200144207,0.012621479200661279
KXHIGHDEN-26JUL23-T89,DEN,2026-07-23,DEN|2026-07-23,0,0.16,0.16666666666666666,0.16,0.00578164428153212,0.008247077882305841,0.13864305371216626
KXLOWTDEN-26JUL23-B61.5,DEN,2026-07-23,DEN|2026-07-23,0,0.3,0.16666666666666666,0.3,0.15167718648816295,0.21778416318447608,0.28762319500508354
KXLOWTDEN-26JUL23-B63.5,DEN,2026-07-23,DEN|2026-07-23,0,0.36,0.16666666666666666,0.36,0.15656281289851087,0.2952039676585001,0.35467225177103734
KXLOWTDEN-26JUL23-B65.5,DEN,2026-07-23,DEN|2026-07-23,1,0.17,0.16666666666666666,0.17,0.16157583532753975,0.11783239762362364,0.14877112274968998
KXLOWTDEN-26JUL23-B67.5,DEN,2026-07-23,DEN|2026-07-23,0,0.1,0.16666666666666666,0.1,0.16671764316335125,0.08230824059908065,0.08033047017622402
KXLOWTDEN-26JUL23-T61,DEN,2026-07-23,DEN|2026-07-23,0,0.08,0.16666666666666666,0.08,0.15167718648816295,0.06637613479970643,0.062044472469422116
KXLOWTDEN-26JUL23-T68,DEN,2026-07-23,DEN|2026-07-23,0,0.01,0.16666666666666666,0.02,0.11906878405643427,0.03477140699675804,0.012621479200661279
KXHIGHLAX-26JUL23-B79.5,LAX,2026-07-23,LAX|2026-07-23,1,0.28,0.16666666666666666,0.28,0.1924800453960124,0.22827789527301479,0.26558368068478105
KXHIGHLAX-26JUL23-B81.5,LAX,2026-07-23,LAX|2026-07-23,0,0.43,0.16666666666666666,0.43,0.19837262552795457,0.4375226331835649,0.4339629707343308
KXHIGHLAX-26JUL23-B83.5,LAX,2026-07-23,LAX|2026-07-23,0,0.17,0.16666666666666666,0.17,0.20439993921218133,0.13842272887051363,0.14877112274968998
KXHIGHLAX-26JUL23-B85.5,LAX,2026-07-23,LAX|2026-07-23,0,0.05,0.16666666666666666,0.05,0.2105622823838124,0.07330631945428145,0.03608040780092969
KXHIGHLAX-26JUL23-T79,LAX,2026-07-23,LAX|2026-07-23,0,0.08,0.16666666666666666,0.08,0.1924800453960124,0.07877782075704243,0.062044472469422116
KXHIGHLAX-26JUL23-T86,LAX,2026-07-23,LAX|2026-07-23,0,0.04,0.16666666666666666,0.04,0.015245231350315183,0.007938250817345439,0.027917330792137658
KXLOWTLAX-26JUL23-B61.5,LAX,2026-07-23,LAX|2026-07-23,0,0.02,0.16666666666666666,0.02,0.1453823678420479,0.040844335602008355,0.012621479200661279
KXLOWTLAX-26JUL23-B63.5,LAX,2026-07-23,LAX|2026-07-23,0,0.02,0.16666666666666666,0.02,0.15010110997947118,0.04228152577884204,0.012621479200661279
KXLOWTLAX-26JUL23-B65.5,LAX,2026-07-23,LAX|2026-07-23,0,0.04,0.16666666666666666,0.04,0.15494524232993745,0.049265017383253396,0.027917330792137658
KXLOWTLAX-26JUL23-B67.5,LAX,2026-07-23,LAX|2026-07-23,1,0.3,0.16666666666666666,0.3,0.1599162914392644,0.21238180115491284,0.28762319500508354
KXLOWTLAX-26JUL23-T61,LAX,2026-07-23,LAX|2026-07-23,0,0.01,0.16666666666666666,0.02,0.1453823678420479,0.03848151918582965,0.012621479200661279
KXLOWTLAX-26JUL23-T68,LAX,2026-07-23,LAX|2026-07-23,0,0.68,0.16666666666666666,0.68,0.1867051371059762,0.7680820135317344,0.7127478518337169
KXHIGHNY-26JUL23-B79.5,NYC,2026-07-23,NYC|2026-07-23,1,0.53,0.16666666666666666,0.53,0.1874039341480879,0.5703779107471063,0.5474047401033258
KXHIGHNY-26JUL23-B81.5,NYC,2026-07-23,NYC|2026-07-23,0,0.4,0.16666666666666666,0.4,0.19317828974257403,0.38055787036846317,0.3998987475352791
KXHIGHNY-26JUL23-B83.5,NYC,2026-07-23,NYC|2026-07-23,0,0.03,0.16666666666666666,0.03,0.19908697583746826,0.060258228892938,0.020071149432871232
KXHIGHNY-26JUL23-B85.5,NYC,2026-07-23,NYC|2026-07-23,0,0.01,0.16666666666666666,0.02,0.20513044013306445,0.05546265755908785,0.012621479200661279
KXHIGHNY-26JUL23-T79,NYC,2026-07-23,NYC|2026-07-23,0,0.1,0.16666666666666666,0.1,0.1874039341480879,0.08434098785519442,0.08033047017622402
KXHIGHNY-26JUL23-T86,NYC,2026-07-23,NYC|2026-07-23,0,0.01,0.16666666666666666,0.02,0.01881797065776473,0.006410387169557009,0.012621479200661279
KXLOWTNYC-26JUL23-B60.5,NYC,2026-07-23,NYC|2026-07-23,0,0.03,0.16666666666666666,0.03,0.13907205074981793,0.040617812707696016,0.020071149432871232
KXLOWTNYC-26JUL23-B62.5,NYC,2026-07-23,NYC|2026-07-23,0,0.16,0.16666666666666666,0.16,0.14362039596185452,0.0895334078835885,0.13864305371216626
KXLOWTNYC-26JUL23-B64.5,NYC,2026-07-23,NYC|2026-07-23,1,0.48,0.16666666666666666,0.48,0.14829187233583568,0.4261321993776366,0.49079213036582925
KXLOWTNYC-26JUL23-B66.5,NYC,2026-07-23,NYC|2026-07-23,0,0.05,0.16666666666666666,0.05,0.15308813337808191,0.050702978491858404,0.03608040780092969
KXLOWTNYC-26JUL23-T60,NYC,2026-07-23,NYC|2026-07-23,0,0.01,0.16666666666666666,0.02,0.13907205074981793,0.03604822260039356,0.012621479200661279
KXLOWTNYC-26JUL23-T67,NYC,2026-07-23,NYC|2026-07-23,0,0.02,0.16666666666666666,0.02,0.24832350182213517,0.05663448396139374,0.012621479200661279
KXHIGHCHI-26JUL24-B78.5,CHI,2026-07-24,CHI|2026-07-24,1,0.25,0.16666666666666666,0.25,0.21432236305693045,0.2414290501033744,0.23290793975381122
KXHIGHCHI-26JUL24-B80.5,CHI,2026-07-24,CHI|2026-07-24,0,0.47000000000000003,0.16666666666666666,0.47000000000000003,0.2207008684440138,0.5637341020987627,0.4794332066855787
KXHIGHCHI-26JUL24-B82.5,CHI,2026-07-24,CHI|2026-07-24,0,0.1,0.16666666666666666,0.1,0.22721430759456937,0.1188407317674104,0.08033047017622402
KXHIGHCHI-26JUL24-B84.5,CHI,2026-07-24,CHI|2026-07-24,0,0.07,0.16666666666666666,0.07,0.23386228845922988,0.10400238569309954,0.05317402891920497
KXHIGHCHI-26JUL24-T78,CHI,2026-07-24,CHI|2026-07-24,0,0.05,0.16666666666666666,0.05,0.21432236305693045,0.08425657218991892,0.03608040780092969
KXHIGHCHI-26JUL24-T85,CHI,2026-07-24,CHI|2026-07-24,0,0.03,0.16666666666666666,0.03,0.004234575447989837,0.0037706994428988506,0.020071149432871232
KXLOWTCHI-26JUL24-B58.5,CHI,2026-07-24,CHI|2026-07-24,0,0.05,0.16666666666666666,0.05,0.157910814701668,0.060264000762730204,0.03608040780092969
KXLOWTCHI-26JUL24-B60.5,CHI,2026-07-24,CHI|2026-07-24,0,0.09,0.16666666666666666,0.09,0.16295865989037236,0.07852340425682225,0.07110204861937677
KXLOWTCHI-26JUL24-B62.5,CHI,2026-07-24,CHI|2026-07-24,0,0.54,0.16666666666666666,0.54,0.16813564842883202,0.5904367366763226,0.5586729118770406
KXLOWTCHI-26JUL24-B64.5,CHI,2026-07-24,CHI|2026-07-24,1,0.33,0.16666666666666666,0.33,0.17344302427860975,0.28880258794396213,0.3209973331550696
KXLOWTCHI-26JUL24-T58,CHI,2026-07-24,CHI|2026-07-24,0,0.05,0.16666666666666666,0.05,0.157910814701668,0.060264000762730204,0.03608040780092969
KXLOWTCHI-26JUL24-T65,CHI,2026-07-24,CHI|2026-07-24,0,0.06,0.16666666666666666,0.06,0.07841734170264181,0.0427823447720796,0.04451078881706009
KXHIGHDEN-26JUL24-B89.5,DEN,2026-07-24,DEN|2026-07-24,0,0.02,0.16666666666666666,0.02,0.22996196637374658,0.06952124820626254,0.012621479200661279
KXHIGHDEN-26JUL24-B91.5,DEN,2026-07-24,DEN|2026-07-24,0,0.05,0.16666666666666666,0.05,0.2366657196980481,0.08534587682541019,0.03608040780092969
KXHIGHDEN-26JUL24-B93.5,DEN,2026-07-24,DEN|2026-07-24,0,0.2,0.16666666666666666,0.2,0.24350310027848598,0.1970245951805714,0.17972455024866946
KXHIGHDEN-26JUL24-B95.5,DEN,2026-07-24,DEN|2026-07-24,1,0.35000000000000003,0.16666666666666666,0.35000000000000003,0.2504731986453716,0.39218016332492783,0.3434190162339602
KXHIGHDEN-26JUL24-T89,DEN,2026-07-24,DEN|2026-07-24,0,0.02,0.16666666666666666,0.02,0.22996196637374658,0.06952124820626254,0.012621479200661279
KXHIGHDEN-26JUL24-T96,DEN,2026-07-24,DEN|2026-07-24,0,0.41000000000000003,0.16666666666666666,0.41000000000000003,0.002507122916584615,0.021913510832712077,0.4112444019144969
KXLOWTDEN-26JUL24-B60.5,DEN,2026-07-24,DEN|2026-07-24,0,0.07,0.16666666666666666,0.07,0.147798907607417,0.05693761509483098,0.05317402891920497
KXLOWTDEN-26JUL24-B62.5,DEN,2026-07-24,DEN|2026-07-24,0,0.25,0.16666666666666666,0.25,0.1525820808692119,0.1605439260230626,0.23290793975381122
KXLOWTDEN-26JUL24-B64.5,DEN,2026-07-24,DEN|2026-07-24,0,0.47000000000000003,0.16666666666666666,0.47000000000000003,0.1574914433480178,0.4370864417497392,0.4794332066855787
KXLOWTDEN-26JUL24-B66.5,DEN,2026-07-24,DEN|2026-07-24,1,0.21,0.16666666666666666,0.21,0.16252847013537147,0.13821145634576887,0.19021431859698795
KXLOWTDEN-26JUL24-T60,DEN,2026-07-24,DEN|2026-07-24,0,0.02,0.16666666666666666,0.02,0.14779890760741696,0.04239404456962854,0.012621479200661279
KXLOWTDEN-26JUL24-T67,DEN,2026-07-24,DEN|2026-07-24,0,0.04,0.16666666666666666,0.04,0.16224142237405037,0.058171720698814496,0.027917330792137658
KXHIGHLAX-26JUL24-B80.5,LAX,2026-07-24,LAX|2026-07-24,0,0.42,0.16666666666666666,0.42,0.19752381797635424,0.42426700268133466,0.4226000585552054
KXHIGHLAX-26JUL24-B82.5,LAX,2026-07-24,LAX|2026-07-24,0,0.37,0.16666666666666666,0.37,0.20353188970214767,0.35905877832752203,0.3659497556035282
KXHIGHLAX-26JUL24-B84.5,LAX,2026-07-24,LAX|2026-07-24,0,0.12,0.16666666666666666,0.12,0.20967495953701343,0.10961973289511123,0.09924744086279717
KXHIGHLAX-26JUL24-B86.5,LAX,2026-07-24,LAX|2026-07-24,0,0.02,0.16666666666666666,0.02,0.2159531692273559,0.06422069818520795,0.012621479200661279
KXHIGHLAX-26JUL24-T80,LAX,2026-07-24,LAX|2026-07-24,1,0.08,0.16666666666666666,0.08,0.19752381797635424,0.0820362819499698,0.062044472469422116
KXHIGHLAX-26JUL24-T87,LAX,2026-07-24,LAX|2026-07-24,0,0.03,0.16666666666666666,0.03,0.011702676184418476,0.006326040823303762,0.020071149432871232
KXLOWTLAX-26JUL24-B63.5,LAX,2026-07-24,LAX|2026-07-24,0,0.01,0.16666666666666666,0.02,0.15181768044209126,0.04084683721434426,0.012621479200661279
KXLOWTLAX-26JUL24-B65.5,LAX,2026-07-24,LAX|2026-07-24,0,0.03,0.16666666666666666,0.03,0.15670699630045992,0.04760514498377102,0.020071149432871232
KXLOWTLAX-26JUL24-B67.5,LAX,2026-07-24,LAX|2026-07-24,1,0.5700000000000001,0.16666666666666666,0.5700000000000001,0.16172375016044077,0.5964673086871684,0.5923229919519891
KXLOWTLAX-26JUL24-B69.5,LAX,2026-07-24,LAX|2026-07-24,0,0.43,0.16666666666666666,0.43,0.16686932823500872,0.39129839964629803,0.4339629707343308
KXLOWTLAX-26JUL24-T63,LAX,2026-07-24,LAX|2026-07-24,0,0.01,0.16666666666666666,0.02,0.15181768044209126,0.04084683721434426,0.012621479200661279
KXLOWTLAX-26JUL24-T70,LAX,2026-07-24,LAX|2026-07-24,0,0.05,0.16666666666666666,0.05,0.13131146099416188,0.047770437867611426,0.03608040780092969
KXHIGHNY-26JUL24-B81.5,NYC,2026-07-24,NYC|2026-07-24,0,0.47000000000000003,0.16666666666666666,0.47000000000000003,0.21002327435479345,0.5124275122095429,0.4794332066855787
KXHIGHNY-26JUL24-B83.5,NYC,2026-07-24,NYC|2026-07-24,1,0.4,0.16666666666666666,0.4,0.21630905898938982,0.41373378759687,0.3998987475352791
KXHIGHNY-26JUL24-B85.5,NYC,2026-07-24,NYC|2026-07-24,0,0.04,0.16666666666666666,0.04,0.2227299293074728,0.07267640915351258,0.027917330792137658
KXHIGHNY-26JUL24-B87.5,NYC,2026-07-24,NYC|2026-07-24,0,0.01,0.16666666666666666,0.02,0.22928563245327083,0.06318875419754068,0.012621479200661279
KXHIGHNY-26JUL24-T81,NYC,2026-07-24,NYC|2026-07-24,0,0.12,0.16666666666666666,0.12,0.21002327435479345,0.10697251876042513,0.09924744086279717
KXHIGHNY-26JUL24-T88,NYC,2026-07-24,NYC|2026-07-24,0,0.02,0.16666666666666666,0.02,0.005476208545367184,0.003220639123573395,0.012621479200661279
KXLOWTNYC-26JUL24-B60.5,NYC,2026-07-24,NYC|2026-07-24,0,0.01,0.16666666666666666,0.02,0.15208837780566742,0.03978621215927351,0.012621479200661279
KXLOWTNYC-26JUL24-B62.5,NYC,2026-07-24,NYC|2026-07-24,0,0.14,0.16666666666666666,0.14,0.15698479798747814,0.08779196471776016,0.11870768818702845
KXLOWTNYC-26JUL24-B64.5,NYC,2026-07-24,NYC|2026-07-24,1,0.26,0.16666666666666666,0.26,0.16200873672132887,0.17361635682003373,0.24374390921978106
KXLOWTNYC-26JUL24-B66.5,NYC,2026-07-24,NYC|2026-07-24,0,0.45,0.16666666666666666,0.45,0.1671615740888551,0.4145539332119858,0.45669971750705984
KXLOWTNYC-26JUL24-T60,NYC,2026-07-24,NYC|2026-07-24,0,0.01,0.16666666666666666,0.02,0.15208837780566742,0.03978621215927351,0.012621479200661279
KXLOWTNYC-26JUL24-T67,NYC,2026-07-24,NYC|2026-07-24,0,0.03,0.16666666666666666,0.03,0.11346154852652729,0.036400370514602404,0.020071149432871232
KXHIGHNY-26JUL25-B80.5,NYC,2026-07-25,NYC|2026-07-25,1,0.51,0.16666666666666666,0.51,0.2047879876757406,0.5661472774198222,0.5248063887724821
KXHIGHNY-26JUL25-B82.5,NYC,2026-07-25,NYC|2026-07-25,0,0.35000000000000003,0.16666666666666666,0.35000000000000003,0.2109589278220079,0.33390485626794714,0.3434190162339602
KXHIGHNY-26JUL25-B84.5,NYC,2026-07-25,NYC|2026-07-25,0,0.02,0.16666666666666666,0.02,0.21726501399137568,0.06284604355856378,0.012621479200661279
KXHIGHNY-26JUL25-B86.5,NYC,2026-07-25,NYC|2026-07-25,0,0.01,0.16666666666666666,0.02,0.22370616057814796,0.061333824529101355,0.012621479200661279
KXHIGHNY-26JUL25-T80,NYC,2026-07-25,NYC|2026-07-25,0,0.18,0.16666666666666666,0.18,0.2047879876757406,0.14411608214037747,0.15899779045411722
KXHIGHNY-26JUL25-T87,NYC,2026-07-25,NYC|2026-07-25,0,0.01,0.16666666666666666,0.02,0.007149575786746837,0.00361836599161483,0.012621479200661279
