market_ticker,station,variable,target_date,close_time,y,decision_time,floor_strike,cap_strike,strike_type,threshold,direction,mkt_close_cents,price_asof,fc_point,fc_issue,obs_value,obs_time,mkt_prob,fc_gap,obs_gap,fc_age_h,obs_age_h,fc_gap_dir,obs_gap_dir,event_group
KXHIGHNY-26JUL21-B79.5,NYC,tmax_f,2026-07-21,2026-07-22T04:59:00.000000,0,2026-07-21T04:59:00.000000,79.0,80.0,between,79.0,-1,32,2026-07-21T04:59:00.000000,72.0,2026-07-20T18:49:29.000000,63.0,2026-07-20T20:37:00.000000,0.32,-7.0,-16.0,10.15,8.366666666666667,7.0,16.0,NYC|2026-07-21
KXHIGHNY-26JUL21-B81.5,NYC,tmax_f,2026-07-21,2026-07-22T04:59:00.000000,1,2026-07-21T04:59:00.000000,81.0,82.0,between,81.0,-1,17,2026-07-21T04:59:00.000000,72.0,2026-07-20T18:49:29.000000,63.0,2026-07-20T20:37:00.000000,0.17,-9.0,-18.0,10.15,8.366666666666667,9.0,18.0,NYC|2026-07-21
KXHIGHNY-26JUL21-B83.5,NYC,tmax_f,2026-07-21,2026-07-22T04:59:00.000000,0,2026-07-21T04:59:00.000000,83.0,84.0,between,83.0,-1,2,2026-07-21T04:59:00.000000,72.0,2026-07-20T18:49:29.000000,63.0,2026-07-20T20:37:00.000000,0.02,-11.0,-20.0,10.15,8.366666666666667,11.0,20.0,NYC|2026-07-21
KXHIGHNY-26JUL21-B85.5,NYC,tmax_f,2026-07-21,2026-07-22T04:59:00.000000,0,2026-07-21T04:59:00.000000,85.0,86.0,between,85.0,-1,1,2026-07-21T04:59:00.000000,72.0,2026-07-20T18:49:29.000000,63.0,2026-07-20T20:37:00.000000,0.01,-13.0,-22.0,10.15,8.366666666666667,13.0,22.0,NYC|2026-07-21
KXHIGHNY-26JUL21-T79,NYC,tmax_f,2026-07-21,2026-07-22T04:59:00.000000,0,2026-07-21T04:59:00.000000,,79.0,less,79.0,-1,54,2026-07-21T04:59:00.000000,72.0,2026-07-20T18:49:29.000000,63.0,2026-07-20T20:37:00.000000,0.54,-7.0,-16.0,10.15,8.366666666666667,7.0,16.0,NYC|2026-07-21
KXHIGHNY-26JUL21-T86,NYC,tmax_f,2026-07-21,2026-07-22T04:59:00.000000,0,2026-07-21T04:59:00.000000,86.0,,greater,86.0,1,1,2026-07-21T04:59:00.000000,72.0,2026-07-20T18:49:29.000000,63.0,2026-07-20T20:37:00.000000,0.01,-14.0,-23.0,10.15,8.366666666666667,-14.0,-23.0,NYC|2026-07-21
KXLOWTNYC-26JUL21-B64.5,NYC,tmin_f,2026-07-21,2026-07-22T05:00:00.000000,0,2026-07-21T05:00:00.000000,64.0,65.0,between,64.0,-1,4,2026-07-21T04:59:00.000000,72.0,2026-07-20T18:49:29.000000,63.0,2026-07-20T20:37:00.000000,0.04,8.0,-1.0,10.166666666666666,8.383333333333333,-8.0,1.0,NYC|2026-07-21
KXLOWTNYC-26JUL21-B66.5,NYC,tmin_f,2026-07-21,2026-07-22T05:00:00.000000,0,2026-07-21T05:00:00.000000,66.0,67.0,between,66.0,-1,9,2026-07-21T05:00:00.000000,72.0,2026-07-20T18:49:29.000000,63.0,2026-07-20T20:37:00.000000,0.09,6.0,-3.0,10.166666666666666,8.383333333333333,-6.0,3.0,NYC|2026-07-21
KXLOWTNYC-26JUL21-B68.5,NYC,tmin_f,2026-07-21,2026-07-22T05:00:00.000000,0,2026-07-21T05:00:00.000000,68.0,69.0,between,68.0,-1,35,2026-07-21T05:00:00.000000,72.0,2026-07-20T18:49:29.000000,63.0,2026-07-20T20:37:00.000000,0.35000000000000003,4.0,-5.0,10.166666666666666,8.383333333333333,-4.0,5.0,NYC|2026-07-21
KXLOWTNYC-26JUL21-B70.5,NYC,tmin_f,2026-07-21,2026-07-22T05:00:00.000000,1,2026-07-21T05:00:00.000000,70.0,71.0,between,70.0,-1,40,2026-07-21T05:00:00.000000,72.0,2026-07-20T18:49:29.000000,63.0,2026-07-20T20:37:00.000000,0.4,2.0,-7.0,10.166666666666666,8.383333333333333,-2.0,7.0,NYC|2026-07-21
KXLOWTNYC-26JUL21-T64,NYC,tmin_f,2026-07-21,2026-07-22T05:00:00.000000,0,2026-07-21T05:00:00.000000,,64.0,less,64.0,-1,2,2026-07-21T04:59:00.000000,72.0,2026-07-20T18:49:29.000000,63.0,2026-07-20T20:37:00.000000,0.02,8.0,-1.0,10.166666666666666,8.383333333333333,-8.0,1.0,NYC|2026-07-21
KXLOWTNYC-26JUL21-T71,NYC,tmin_f,2026-07-21,2026-07-22T05:00:00.000000,0,2026-07-21T05:00:00.000000,71.0,,greater,71.0,1,9,2026-07-21T05:00:00.000000,72.0,2026-07-20T18:49:29.000000,63.0,2026-07-20T20:37:00.000000,0.09,1.0,-8.0,10.166666666666666,8.383333333333333,1.0,-8.0,NYC|2026-07-21
KXHIGHCHI-26JUL22-B69.5,CHI,tmax_f,2026-07-22,2026-07-23T05:59:00.000000,0,2026-07-22T05:59:00.000000,69.0,70.0,between,69.0,-1,4,2026-07-22T05:59:00.000000,60.0,2026-07-22T02:36:14.000000,74.0,2026-07-21T21:39:00.000000,0.04,-9.0,5.0,3.3666666666666667,8.333333333333334,9.0,-5.0,CHI|2026-07-22
KXHIGHCHI-26JUL22-B71.5,CHI,tmax_f,2026-07-22,2026-07-23T05:59:00.000000,0,2026-07-22T05:59:00.000000,71.0,72.0,between,71.0,-1,12,2026-07-22T05:59:00.000000,60.0,2026-07-22T02:36:14.000000,74.0,2026-07-21T21:39:00.000000,0.12,-11.0,3.0,3.3666666666666667,8.333333333333334,11.0,-3.0,CHI|2026-07-22
KXHIGHCHI-26JUL22-B73.5,CHI,tmax_f,2026-07-22,2026-07-23T05:59:00.000000,1,2026-07-22T05:59:00.000000,73.0,74.0,between,73.0,-1,52,2026-07-22T05:59:00.000000,60.0,2026-07-22T02:36:14.000000,74.0,2026-07-21T21:39:00.000000,0.52,-13.0,1.0,3.3666666666666667,8.333333333333334,13.0,-1.0,CHI|2026-07-22
KXHIGHCHI-26JUL22-B75.5,CHI,tmax_f,2026-07-22,2026-07-23T05:59:00.000000,0,2026-07-22T05:59:00.000000,75.0,76.0,between,75.0,-1,20,2026-07-22T05:59:00.000000,60.0,2026-07-22T02:36:14.000000,74.0,2026-07-21T21:39:00.000000,0.2,-15.0,-1.0,3.3666666666666667,8.333333333333334,15.0,1.0,CHI|2026-07-22
KXHIGHCHI-26JUL22-T69,CHI,tmax_f,2026-07-22,2026-07-23T05:59:00.000000,0,2026-07-22T05:59:00.000000,,69.0,less,69.0,-1,2,2026-07-22T05:59:00.000000,60.0,2026-07-22T02:36:14.000000,74.0,2026-07-21T21:39:00.000000,0.02,-9.0,5.0,3.3666666666666667,8.333333333333334,9.0,-5.0,CHI|2026-07-22
KXHIGHCHI-26JUL22-T76,CHI,tmax_f,2026-07-22,2026-07-23T05:59:00.000000,0,2026-07-22T05:59:00.000000,76.0,,greater,76.0,1,7,2026-07-22T05:57:00.000000,60.0,2026-07-22T02:36:14.000000,74.0,2026-07-21T21:39:00.000000,0.07,-16.0,-2.0,3.3666666666666667,8.333333333333334,-16.0,-2.0,CHI|2026-07-22
KXLOWTCHI-26JUL22-B54.5,CHI,tmin_f,2026-07-22,2026-07-23T06:00:00.000000,0,2026-07-22T06:00:00.000000,54.0,55.0,between,54.0,-1,1,2026-07-22T05:50:00.000000,60.0,2026-07-22T02:36:14.000000,74.0,2026-07-21T21:39:00.000000,0.01,6.0,20.0,3.3833333333333333,8.35,-6.0,-20.0,CHI|2026-07-22
KXLOWTCHI-26JUL22-B56.5,CHI,tmin_f,2026-07-22,2026-07-23T06:00:00.000000,0,2026-07-22T06:00:00.000000,56.0,57.0,between,56.0,-1,1,2026-07-22T05:50:00.000000,60.0,2026-07-22T02:36:14.000000,74.0,2026-07-21T21:39:00.000000,0.01,4.0,18.0,3.3833333333333333,8.35,-4.0,-18.0,CHI|2026-07-22
KXLOWTCHI-26JUL22-B58.5,CHI,tmin_f,2026-07-22,2026-07-23T06:00:00.000000,0,2026-07-22T06:00:00.000000,58.0,59.0,between,58.0,-1,15,2026-07-22T06:00:00.000000,60.0,2026-07-22T02:36:14.000000,74.0,2026-07-21T21:39:00.000000,0.15,2.0,16.0,3.3833333333333333,8.35,-2.0,-16.0,CHI|2026-07-22
KXLOWTCHI-26JUL22-B60.5,CHI,tmin_f,2026-07-22,2026-07-23T06:00:00.000000,0,2026-07-22T06:00:00.000000,60.0,61.0,between,60.0,-1,36,2026-07-22T06:00:00.000000,60.0,2026-07-22T02:36:14.000000,74.0,2026-07-21T21:39:00.000000,0.36,0.0,14.0,3.3833333333333333,8.35,-0.0,-14.0,CHI|2026-07-22
KXLOWTCHI-26JUL22-T54,CHI,tmin_f,2026-07-22,2026-07-23T06:00:00.000000,0,2026-07-22T06:00:00.000000,,54.0,less,54.0,-1,1,2026-07-22T05:50:00.000000,60.0,2026-07-22T02:36:14.000000,74.0,2026-07-21T21:39:00.000000,0.01,6.0,20.0,3.3833333333333333,8.35,-6.0,-20.0,CHI|2026-07-22
KXLOWTCHI-26JUL22-T61,CHI,tmin_f,2026-07-22,2026-07-23T06:00:00.000000,1,2026-07-22T06:00:00.000000,61.0,,greater,61.0,1,53,2026-07-22T06:00:00.000000,60.0,2026-07-22T02:36:14.000000,74.0,2026-07-21T21:39:00.000000,0.53,-1.0,13.0,3.3833333333333333,8.35,-1.0,13.0,CHI|2026-07-22
KXHIGHDEN-26JUL22-B88.5,DEN,tmax_f,2026-07-22,2026-07-23T06:59:00.000000,0,2026-07-22T06:59:00.000000,88.0,89.0,between,88.0,-1,2,2026-07-22T06:59:00.000000,64.0,2026-07-22T06:46:32.000000,66.0,2026-07-21T23:37:00.000000,0.02,-24.0,-22.0,0.2,7.366666666666666,24.0,22.0,DEN|2026-07-22
KXHIGHDEN-26JUL22-B90.5,DEN,tmax_f,2026-07-22,2026-07-23T06:59:00.000000,0,2026-07-22T06:59:00.000000,90.0,91.0,between,90.0,-1,6,2026-07-22T06:59:00.000000,64.0,2026-07-22T06:46:32.000000,66.0,2026-07-21T23:37:00.000000,0.06,-26.0,-24.0,0.2,7.366666666666666,26.0,24.0,DEN|2026-07-22
KXHIGHDEN-26JUL22-B92.5,DEN,tmax_f,2026-07-22,2026-07-23T06:59:00.000000,0,2026-07-22T06:59:00.000000,92.0,93.0,between,92.0,-1,7,2026-07-22T06:59:00.000000,64.0,2026-07-22T06:46:32.000000,66.0,2026-07-21T23:37:00.000000,0.07,-28.0,-26.0,0.2,7.366666666666666,28.0,26.0,DEN|2026-07-22
KXHIGHDEN-26JUL22-B94.5,DEN,tmax_f,2026-07-22,2026-07-23T06:59:00.000000,1,2026-07-22T06:59:00.000000,94.0,95.0,between,94.0,-1,38,2026-07-22T06:59:00.000000,64.0,2026-07-22T06:46:32.000000,66.0,2026-07-21T23:37:00.000000,0.38,-30.0,-28.0,0.2,7.366666666666666,30.0,28.0,DEN|2026-07-22
KXHIGHDEN-26JUL22-T88,DEN,tmax_f,2026-07-22,2026-07-23T06:59:00.000000,0,2026-07-22T06:59:00.000000,,88.0,less,88.0,-1,1,2026-07-22T06:59:00.000000,64.0,2026-07-22T06:46:32.000000,66.0,2026-07-21T23:37:00.000000,0.01,-24.0,-22.0,0.2,7.366666666666666,24.0,22.0,DEN|2026-07-22
KXHIGHDEN-26JUL22-T95,DEN,tmax_f,2026-07-22,2026-07-23T06:59:00.000000,0,2026-07-22T06:59:00.000000,95.0,,greater,95.0,1,57,2026-07-22T06:58:00.000000,64.0,2026-07-22T06:46:32.000000,66.0,2026-07-21T23:37:00.000000,0.5700000000000001,-31.0,-29.0,0.2,7.366666666666666,-31.0,-29.0,DEN|2026-07-22
KXLOWTDEN-26JUL22-B63.5,DEN,tmin_f,2026-07-22,2026-07-23T07:00:00.000000,0,2026-07-22T07:00:00.000000,63.0,64.0,between,63.0,-1,25,2026-07-22T06:59:00.000000,64.0,2026-07-22T06:46:32.000000,66.0,2026-07-21T23:37:00.000000,0.25,1.0,3.0,0.21666666666666667,7.383333333333333,-1.0,-3.0,DEN|2026-07-22
KXLOWTDEN-26JUL22-B65.5,DEN,tmin_f,2026-07-22,2026-07-23T07:00:00.000000,1,2026-07-22T07:00:00.000000,65.0,66.0,between,65.0,-1,40,2026-07-22T07:00:00.000000,64.0,2026-07-22T06:46:32.000000,66.0,2026-07-21T23:37:00.000000,0.4,-1.0,1.0,0.21666666666666667,7.383333333333333,1.0,-1.0,DEN|2026-07-22
KXLOWTDEN-26JUL22-B67.5,DEN,tmin_f,2026-07-22,2026-07-23T07:00:00.000000,0,2026-07-22T07:00:00.000000,67.0,68.0,between,67.0,-1,23,2026-07-22T07:00:00.000000,64.0,2026-07-22T06:46:32.000000,66.0,2026-07-21T23:37:00.000000,0.23,-3.0,-1.0,0.21666666666666667,7.383333333333333,3.0,1.0,DEN|2026-07-22
KXLOWTDEN-26JUL22-B69.5,DEN,tmin_f,2026-07-22,2026-07-23T07:00:00.000000,0,2026-07-22T07:00:00.000000,69.0,70.0,between,69.0,-1,5,2026-07-22T07:00:00.000000,64.0,2026-07-22T06:46:32.000000,66.0,2026-07-21T23:37:00.000000,0.05,-5.0,-3.0,0.21666666666666667,7.383333333333333,5.0,3.0,DEN|2026-07-22
KXLOWTDEN-26JUL22-T63,DEN,tmin_f,2026-07-22,2026-07-23T07:00:00.000000,0,2026-07-22T07:00:00.000000,,63.0,less,63.0,-1,12,2026-07-22T07:00:00.000000,64.0,2026-07-22T06:46:32.000000,66.0,2026-07-21T23:37:00.000000,0.12,1.0,3.0,0.21666666666666667,7.383333333333333,-1.0,-3.0,DEN|2026-07-22
KXLOWTDEN-26JUL22-T70,DEN,tmin_f,2026-07-22,2026-07-23T07:00:00.000000,0,2026-07-22T07:00:00.000000,70.0,,greater,70.0,1,3,2026-07-22T06:59:00.000000,64.0,2026-07-22T06:46:32.000000,66.0,2026-07-21T23:37:00.000000,0.03,-6.0,-4.0,0.21666666666666667,7.383333333333333,-6.0,-4.0,DEN|2026-07-22
KXHIGHLAX-26JUL22-B75.5,LAX,tmax_f,2026-07-22,2026-07-23T07:59:00.000000,0,2026-07-22T07:59:00.000000,75.0,76.0,between,75.0,-1,1,2026-07-22T07:59:00.000000,67.0,2026-07-22T07:32:26.000000,70.0,2026-07-22T01:26:00.000000,0.01,-8.0,-5.0,0.43333333333333335,6.55,8.0,5.0,LAX|2026-07-22
KXHIGHLAX-26JUL22-B77.5,LAX,tmax_f,2026-07-22,2026-07-23T07:59:00.000000,1,2026-07-22T07:59:00.000000,77.0,78.0,between,77.0,-1,18,2026-07-22T07:59:00.000000,67.0,2026-07-22T07:32:26.000000,70.0,2026-07-22T01:26:00.000000,0.18,-10.0,-7.0,0.43333333333333335,6.55,10.0,7.0,LAX|2026-07-22
KXHIGHLAX-26JUL22-B79.5,LAX,tmax_f,2026-07-22,2026-07-23T07:59:00.000000,0,2026-07-22T07:59:00.000000,79.0,80.0,between,79.0,-1,35,2026-07-22T07:59:00.000000,67.0,2026-07-22T07:32:26.000000,70.0,2026-07-22T01:26:00.000000,0.35000000000000003,-12.0,-9.0,0.43333333333333335,6.55,12.0,9.0,LAX|2026-07-22
KXHIGHLAX-26JUL22-B81.5,LAX,tmax_f,2026-07-22,2026-07-23T07:59:00.000000,0,2026-07-22T07:59:00.000000,81.0,82.0,between,81.0,-1,27,2026-07-22T07:59:00.000000,67.0,2026-07-22T07:32:26.000000,70.0,2026-07-22T01:26:00.000000,0.27,-14.0,-11.0,0.43333333333333335,6.55,14.0,11.0,LAX|2026-07-22
KXHIGHLAX-26JUL22-T75,LAX,tmax_f,2026-07-22,2026-07-23T07:59:00.000000,0,2026-07-22T07:59:00.000000,,75.0,less,75.0,-1,1,2026-07-22T07:49:00.000000,67.0,2026-07-22T07:32:26.000000,70.0,2026-07-22T01:26:00.000000,0.01,-8.0,-5.0,0.43333333333333335,6.55,8.0,5.0,LAX|2026-07-22
KXHIGHLAX-26JUL22-T82,LAX,tmax_f,2026-07-22,2026-07-23T07:59:00.000000,0,2026-07-22T07:59:00.000000,82.0,,greater,82.0,1,22,2026-07-22T07:59:00.000000,67.0,2026-07-22T07:32:26.000000,70.0,2026-07-22T01:26:00.000000,0.22,-15.0,-12.0,0.43333333333333335,6.55,-15.0,-12.0,LAX|2026-07-22
KXLOWTLAX-26JUL22-B62.5,LAX,tmin_f,2026-07-22,2026-07-23T08:00:00.000000,0,2026-07-22T08:00:00.000000,62.0,63.0,between,62.0,-1,1,2026-07-22T07:49:00.000000,67.0,2026-07-22T07:32:26.000000,70.0,2026-07-22T01:26:00.000000,0.01,5.0,8.0,0.45,6.566666666666666,-5.0,-8.0,LAX|2026-07-22
KXLOWTLAX-26JUL22-B64.5,LAX,tmin_f,2026-07-22,2026-07-23T08:00:00.000000,0,2026-07-22T08:00:00.000000,64.0,65.0,between,64.0,-1,3,2026-07-22T07:49:00.000000,67.0,2026-07-22T07:32:26.000000,70.0,2026-07-22T01:26:00.000000,0.03,3.0,6.0,0.45,6.566666666666666,-3.0,-6.0,LAX|2026-07-22
KXLOWTLAX-26JUL22-B66.5,LAX,tmin_f,2026-07-22,2026-07-23T08:00:00.000000,0,2026-07-22T08:00:00.000000,66.0,67.0,between,66.0,-1,10,2026-07-22T08:00:00.000000,67.0,2026-07-22T07:32:26.000000,70.0,2026-07-22T01:26:00.000000,0.1,1.0,4.0,0.45,6.566666666666666,-1.0,-4.0,LAX|2026-07-22
KXLOWTLAX-26JUL22-B68.5,LAX,tmin_f,2026-07-22,2026-07-23T08:00:00.000000,1,2026-07-22T08:00:00.000000,68.0,69.0,between,68.0,-1,46,2026-07-22T07:59:00.000000,67.0,2026-07-22T07:32:26.000000,70.0,2026-07-22T01:26:00.000000,0.46,-1.0,2.0,0.45,6.566666666666666,1.0,-2.0,LAX|2026-07-22
KXLOWTLAX-26JUL22-T62,LAX,tmin_f,2026-07-22,2026-07-23T08:00:00.000000,0,2026-07-22T08:00:00.000000,,62.0,less,62.0,-1,1,2026-07-22T07:49:00.000000,67.0,2026-07-22T07:32:26.000000,70.0,2026-07-22T01:26:00.000000,0.01,5.0,8.0,0.45,6.566666666666666,-5.0,-8.0,LAX|2026-07-22
KXLOWTLAX-26JUL22-T69,LAX,tmin_f,2026-07-22,2026-07-23T08:00:00.000000,0,2026-07-22T08:00:00.000000,69.0,,greater,69.0,1,65,2026-07-22T07:59:00.000000,67.0,2026-07-22T07:32:26.000000,70.0,2026-07-22T01:26:00.000000,0.65,-2.0,1.0,0.45,6.566666666666666,-2.0,1.0,LAX|2026-07-22
KXHIGHNY-26JUL22-B84.5,NYC,tmax_f,2026-07-22,2026-07-23T04:59:00.000000,1,2026-07-22T04:59:00.000000,84.0,85.0,between,84.0,-1,41,2026-07-22T04:57:00.000000,64.0,2026-07-22T00:20:07.000000,71.0,2026-07-21T20:39:00.000000,0.41000000000000003,-20.0,-13.0,4.633333333333333,8.333333333333334,20.0,13.0,NYC|2026-07-22
KXHIGHNY-26JUL22-B86.5,NYC,tmax_f,2026-07-22,2026-07-23T04:59:00.000000,0,2026-07-22T04:59:00.000000,86.0,87.0,between,86.0,-1,31,2026-07-22T04:59:00.000000,64.0,2026-07-22T00:20:07.000000,71.0,2026-07-21T20:39:00.000000,0.31,-22.0,-15.0,4.633333333333333,8.333333333333334,22.0,15.0,NYC|2026-07-22
